1; voluptate odio voluptas molestiae voluptatem; 7
2; distinctio reprehenderit labore voluptates sapiente; 2
3; et non ut inventore qui; 9
4; iure ut aut debitis enim; 6
5; a quia aliquid ut ratione; 5
6; nisi sit rem veritatis ab; 8
7; laboriosam fuga ea quibusdam perspiciatis; 3
8; et et delectus inventore aspernatur; 5
9; voluptatem occaecati eos sint voluptatem; 7
10; aut illo quis hic magnam; 5
11; aut soluta expedita ut tenetur; 8
12; optio temporibus eligendi sint nam; 2
13; minus est et aut et; 2
14; dignissimos est enim iste et; 6
15; eaque ratione nobis cum voluptas; 8
16; mollitia totam voluptate aspernatur quia; 5
17; rerum architecto recusandae nam sit; 6
18; est molestiae eligendi sit repudiandae; 4
19; alias et vel maiores est; 9
20; quae architecto nemo a eos; 5
21; perspiciatis nihil corrupti vel dolore; 7
22; ad sit quia magni aspernatur; 4
23; ut aliquid est natus voluptas; 7
24; id est dolore sunt deserunt; 10
25; explicabo et aperiam reiciendis accusamus; 6
26; ad molestias reprehenderit libero enim; 10
27; culpa quia aut ad dolores; 10
28; nam adipisci illum nulla architecto; 5
29; sequi repellendus omnis ut ullam; 6
30; nisi voluptas provident ullam explicabo; 7
31; est quae optio esse in; 7
32; quis repellendus et eos non; 2
33; aut deserunt voluptas beatae officiis; 6
34; distinctio a placeat quis id; 9
35; et consequatur nihil et est; 10
36; rerum debitis et iure qui; 10
37; dolores ut rerum dolor quaerat; 3
38; enim optio doloribus consequatur accusamus; 8
39; exercitationem aut mollitia quo qui; 10
40; eum tempore qui esse consequatur; 5
41; ipsa eos perferendis qui vero; 6
42; quam ea fugiat quisquam voluptatum; 3
43; fugit molestiae facilis architecto nesciunt; 5
44; veniam ex sed ducimus qui; 3
45; dolor vel excepturi sequi soluta; 8
46; fugit quasi quo adipisci molestias; 5
47; enim asperiores cumque iusto totam; 3
48; minus inventore eaque doloremque maxime; 1
49; non accusamus asperiores maiores et; 10
50; dolores laudantium consectetur modi impedit; 1
51; temporibus sapiente et vero debitis; 8
52; praesentium at animi quae quae; 7
53; qui ab odio illum dolorem; 7
54; voluptas sunt nam asperiores totam; 10
55; vitae quasi distinctio consequatur at; 2
56; et nihil eius corrupti asperiores; 7
57; necessitatibus qui tenetur ut iusto; 6
58; eaque voluptatem facilis quia enim; 7
59; non qui necessitatibus quis et; 4
60; voluptatem ipsum corrupti enim facilis; 2
61; enim alias asperiores praesentium illum; 4
62; fuga pariatur ea ipsum magni; 6
63; et similique quibusdam enim ipsum; 4
64; incidunt minus quas aliquam quasi; 6
65; quia similique voluptas repudiandae odio; 8
66; laudantium dignissimos voluptate amet doloremque; 6
67; reiciendis ut maxime vitae non; 5
68; esse voluptas ex doloribus velit; 6
69; asperiores natus molestias dolor voluptate; 9
70; laboriosam quasi vero aut repudiandae; 8
71; aperiam blanditiis et ratione voluptas; 7
72; qui error consequatur autem animi; 1
73; sequi cupiditate beatae esse repellendus; 9
74; consequatur deserunt porro ratione rerum; 8
75; deleniti atque quas rerum earum; 3
76; eligendi adipisci nemo velit voluptates; 8
77; molestiae sunt aut perferendis in; 3
78; sint in vero officia dolor; 8
79; iste non facilis quidem aut; 5
80; voluptates blanditiis dolore atque magni; 10
81; quis perspiciatis ad commodi sed; 2
82; esse quidem quod et eveniet; 6
83; enim dolorem distinctio aperiam voluptatem; 2
84; aspernatur id quo modi voluptas; 2
85; fuga a optio qui debitis; 9
86; et maiores et deserunt nemo; 10
87; laboriosam assumenda minus ea libero; 3
88; harum nemo iure eius eos; 8
89; quod ea earum repellendus earum; 9
90; cumque et incidunt sunt porro; 6
91; et fugiat adipisci expedita blanditiis; 1
92; quo rerum est dolor occaecati; 3
93; blanditiis labore est qui a; 7
94; quo molestiae quia deserunt expedita; 6
95; consequatur est velit non et; 2
96; ab consectetur eum et quibusdam; 7
97; quo in corporis delectus est; 4
98; ratione nihil eaque necessitatibus magnam; 10
99; omnis officia sit quasi accusantium; 8
100; ullam maxime et ut et; 8
